{
    "Catalog":[
    {
        "Title":"custom",
        "Emoticon":[
                    {
                    "ID":"type_apng_custom_01",
                    "Tag":"[微笑]",
                    "File":"zg_微笑_01@2x"
                    },
                    {
                    "ID":"type_apng_custom_02",
                    "Tag":"[撇嘴]",
                    "File":"zg_撇嘴_02@2x"
                    },
                    {
                    "ID":"type_apng_custom_03",
                    "Tag":"[色]",
                    "File":"zg_色_03@2x"
                    },
                    {
                    "ID":"type_apng_custom_04",
                    "Tag":"[大哭]",
                    "File":"zg_大哭_04@2x"
                    },
                    {
                    "ID":"type_apng_custom_05",
                    "Tag":"[害羞]",
                    "File":"zg_害羞_05@2x"
                    },
                    {
                    "ID":"type_apng_custom_06",
                    "Tag":"[闭嘴]",
                    "File":"zg_闭嘴_06@2x"
                    },
                    {
                    "ID":"type_apng_custom_07",
                    "Tag":"[尴尬]",
                    "File":"zg_尴尬_07@2x"
                    },
                    {
                    "ID":"type_apng_custom_08",
                    "Tag":"[发怒]",
                    "File":"zg_发怒_08@2x"
                    },
                    {
                    "ID":"type_apng_custom_09",
                    "Tag":"[呲牙]",
                    "File":"zg_呲牙_09@2x"
                    },
                    {
                    "ID":"type_apng_custom_10",
                    "Tag":"[抠鼻]",
                    "File":"zg_抠鼻_10@2x"
                    },
                    {
                    "ID":"type_apng_custom_11",
                    "Tag":"[鼓掌]",
                    "File":"zg_鼓掌_11@2x"
                    },
                    {
                    "ID":"type_apng_custom_12",
                    "Tag":"[笑哭]",
                    "File":"zg_笑哭_12@2x"
                    },
                    {
                    "ID":"type_apng_custom_13",
                    "Tag":"[斜眼笑]",
                    "File":"zg_斜眼笑_13@2x"
                    },
                    {
                    "ID":"type_apng_custom_14",
                    "Tag":"[吐血]",
                    "File":"zg_吐血_14@2x"
                    },
                    {
                    "ID":"type_apng_custom_15",
                    "Tag":"[偷笑]",
                    "File":"zg_偷笑_15@2x"
                    },
                    {
                    "ID":"type_apng_custom_16",
                    "Tag":"[疑问]",
                    "File":"zg_疑问_16@2x"
                    }
               ]
    },
    {
               "Title":"default",
               "Emoticon":[
               
               ]
    }
    ]
}
